game,editing,office,game,then
xsebentar,xsebentar,xsebentar,xsebentar,low
xsebentar,xsebentar,xsebentar,xsedang,low_mid
xsebentar,xsebentar,xsebentar,xlama,low_mid
xsebentar,xsebentar,xsedang,xsebentar,low
xsebentar,xsebentar,xsedang,xsedang,low_mid
xsebentar,xsebentar,xsedang,xlama,low_mid
xsebentar,xsebentar,xlama,xsebentar,low
xsebentar,xsebentar,xlama,xsedang,low_mid
xsebentar,xsebentar,xlama,xlama,low_mid
xsebentar,xsedang,xsebentar,xsebentar,mid
xsebentar,xsedang,xsebentar,xsedang,mid
xsebentar,xsedang,xsebentar,xlama,low_mid
xsebentar,xsedang,xsedang,xsebentar,low_mid
xsebentar,xsedang,xsedang,xsedang,mid
xsebentar,xsedang,xsedang,xlama,mid
xsebentar,xsedang,xlama,xsebentar,mid
xsebentar,xsedang,xlama,xsedang,mid
xsebentar,xsedang,xlama,xlama,mid
xsebentar,xlama,xsebentar,xsebentar,high
xsebentar,xlama,xsebentar,xsedang,high
xsebentar,xlama,xsebentar,xlama,high
xsebentar,xlama,xsedang,xsebentar,high
xsebentar,xlama,xsedang,xsedang,high
xsebentar,xlama,xsedang,xlama,high
xsebentar,xlama,xlama,xsebentar,high
xsebentar,xlama,xlama,xsedang,high
xsebentar,xlama,xlama,xlama,high
xsedang,xsebentar,xsebentar,xsebentar,mid
xsedang,xsebentar,xsebentar,xsedang,mid
xsedang,xsebentar,xsebentar,xlama,mid
xsedang,xsebentar,xsedang,xsebentar,mid
xsedang,xsebentar,xsedang,xsedang,mid
xsedang,xsebentar,xsedang,xlama,mid
xsedang,xsebentar,xlama,xsebentar,mid
xsedang,xsebentar,xlama,xsedang,mid
xsedang,xsebentar,xlama,xlama,mid
xsedang,xsedang,xsebentar,xsebentar,mid-high
xsedang,xsedang,xsebentar,xsedang,mid-high
xsedang,xsedang,xsebentar,xlama,mid-high
xsedang,xsedang,xsedang,xsebentar,mid-high
xsedang,xsedang,xsedang,xsedang,mid-high
xsedang,xsedang,xsedang,xlama,mid-high
xsedang,xsedang,xlama,xsebentar,mid-high
xsedang,xsedang,xlama,xsedang,mid-high
xsedang,xsedang,xlama,xlama,mid-high
xsedang,xlama,xsebentar,xsebentar,high
xsedang,xlama,xsebentar,xsedang,high
xsedang,xlama,xsebentar,xlama,high
xsedang,xlama,xsedang,xsebentar,high
xsedang,xlama,xsedang,xsedang,high
xsedang,xlama,xsedang,xlama,high
xsedang,xlama,xlama,xsebentar,high
xsedang,xlama,xlama,xsedang,high
xsedang,xlama,xlama,xlama,high
xlama,xsebentar,xsebentar,xsebentar,high
xlama,xsebentar,xsebentar,xsedang,high
xlama,xsebentar,xsebentar,xlama,high
xlama,xsebentar,xsedang,xsebentar,high
xlama,xsebentar,xsedang,xsedang,high
xlama,xsebentar,xsedang,xlama,high
xlama,xsebentar,xlama,xsebentar,high
xlama,xsebentar,xlama,xsedang,high
xlama,xsebentar,xlama,xlama,high
xlama,xsedang,xsebentar,xsebentar,high
xlama,xsedang,xsebentar,xsedang,high
xlama,xsedang,xsebentar,xlama,high
xlama,xsedang,xsedang,xsebentar,high
xlama,xsedang,xsedang,xsedang,high
xlama,xsedang,xsedang,xlama,high
xlama,xsedang,xlama,xsebentar,high
xlama,xsedang,xlama,xsedang,high
xlama,xsedang,xlama,xlama,high
xlama,xlama,xsebentar,xsebentar,high
xlama,xlama,xsebentar,xsedang,high
xlama,xlama,xsebentar,xlama,high
xlama,xlama,xsedang,xsebentar,high
xlama,xlama,xsedang,xsedang,high
xlama,xlama,xsedang,xlama,high
xlama,xlama,xlama,xsebentar,high
xlama,xlama,xlama,xsedang,high
xlama,xlama,xlama,xlama,high